Number; Name; Total; Type1; Type2; Cluster;;;
1;Bulbasaur;318;Grass;Poison;1;;Cluster 1;303,8958333
2;Ivysaur;405;Grass;Poison;3;;Cluster 2;622,5691057
3;Venusaur;525;Grass;Poison;3;;Cluster 3;472,966581
3;VenusaurMega Venusaur;625;Grass;Poison;2;;;
4;Charmander;309;Fire;;1;;;
5;Charmeleon;405;Fire;;3;;;
6;Charizard;534;Fire;Flying;3;;;
6;CharizardMega Charizard X;634;Fire;Dragon;2;;;
6;CharizardMega Charizard Y;634;Fire;Flying;2;;;
7;Squirtle;314;Water;;1;;;
8;Wartortle;405;Water;;3;;;
9;Blastoise;530;Water;;3;;;
9;BlastoiseMega Blastoise;630;Water;;2;;;
10;Caterpie;195;Bug;;1;;;
11;Metapod;205;Bug;;1;;;
12;Butterfree;395;Bug;Flying;3;;;
13;Weedle;195;Bug;Poison;1;;;
14;Kakuna;205;Bug;Poison;1;;;
15;Beedrill;395;Bug;Poison;3;;;
15;BeedrillMega Beedrill;495;Bug;Poison;3;;;
16;Pidgey;251;Normal;Flying;1;;;
17;Pidgeotto;349;Normal;Flying;1;;;
18;Pidgeot;479;Normal;Flying;3;;;
18;PidgeotMega Pidgeot;579;Normal;Flying;2;;;
19;Rattata;253;Normal;;1;;;
20;Raticate;413;Normal;;3;;;
21;Spearow;262;Normal;Flying;1;;;
22;Fearow;442;Normal;Flying;3;;;
23;Ekans;288;Poison;;1;;;
24;Arbok;438;Poison;;3;;;
25;Pikachu;320;Electric;;1;;;
26;Raichu;485;Electric;;3;;;
27;Sandshrew;300;Ground;;1;;;
28;Sandslash;450;Ground;;3;;;
29;Nidoran;275;Poison;;1;;;
30;Nidorina;365;Poison;;1;;;
31;Nidoqueen;505;Poison;Ground;3;;;
32;Nidoran;273;Poison;;1;;;
33;Nidorino;365;Poison;;1;;;
34;Nidoking;505;Poison;Ground;3;;;
35;Clefairy;323;Fairy;;1;;;
36;Clefable;483;Fairy;;3;;;
37;Vulpix;299;Fire;;1;;;
38;Ninetales;505;Fire;;3;;;
39;Jigglypuff;270;Normal;Fairy;1;;;
40;Wigglytuff;435;Normal;Fairy;3;;;
41;Zubat;245;Poison;Flying;1;;;
42;Golbat;455;Poison;Flying;3;;;
43;Oddish;320;Grass;Poison;1;;;
44;Gloom;395;Grass;Poison;3;;;
45;Vileplume;490;Grass;Poison;3;;;
46;Paras;285;Bug;Grass;1;;;
47;Parasect;405;Bug;Grass;3;;;
48;Venonat;305;Bug;Poison;1;;;
49;Venomoth;450;Bug;Poison;3;;;
50;Diglett;265;Ground;;1;;;
51;Dugtrio;405;Ground;;3;;;
52;Meowth;290;Normal;;1;;;
53;Persian;440;Normal;;3;;;
54;Psyduck;320;Water;;1;;;
55;Golduck;500;Water;;3;;;
56;Mankey;305;Fighting;;1;;;
57;Primeape;455;Fighting;;3;;;
58;Growlithe;350;Fire;;1;;;
59;Arcanine;555;Fire;;2;;;
60;Poliwag;300;Water;;1;;;
61;Poliwhirl;385;Water;;1;;;
62;Poliwrath;510;Water;Fighting;3;;;
63;Abra;310;Psychic;;1;;;
64;Kadabra;400;Psychic;;3;;;
65;Alakazam;500;Psychic;;3;;;
65;AlakazamMega Alakazam;590;Psychic;;2;;;
66;Machop;305;Fighting;;1;;;
67;Machoke;405;Fighting;;3;;;
68;Machamp;505;Fighting;;3;;;
69;Bellsprout;300;Grass;Poison;1;;;
70;Weepinbell;390;Grass;Poison;3;;;
71;Victreebel;490;Grass;Poison;3;;;
72;Tentacool;335;Water;Poison;1;;;
73;Tentacruel;515;Water;Poison;3;;;
74;Geodude;300;Rock;Ground;1;;;
75;Graveler;390;Rock;Ground;3;;;
76;Golem;495;Rock;Ground;3;;;
77;Ponyta;410;Fire;;3;;;
78;Rapidash;500;Fire;;3;;;
79;Slowpoke;315;Water;Psychic;1;;;
80;Slowbro;490;Water;Psychic;3;;;
80;SlowbroMega Slowbro;590;Water;Psychic;2;;;
81;Magnemite;325;Electric;Steel;1;;;
82;Magneton;465;Electric;Steel;3;;;
83;Farfetch'd;352;Normal;Flying;1;;;
84;Doduo;310;Normal;Flying;1;;;
85;Dodrio;460;Normal;Flying;3;;;
86;Seel;325;Water;;1;;;
87;Dewgong;475;Water;Ice;3;;;
88;Grimer;325;Poison;;1;;;
89;Muk;500;Poison;;3;;;
90;Shellder;305;Water;;1;;;
91;Cloyster;525;Water;Ice;3;;;
92;Gastly;310;Ghost;Poison;1;;;
93;Haunter;405;Ghost;Poison;3;;;
94;Gengar;500;Ghost;Poison;3;;;
94;GengarMega Gengar;600;Ghost;Poison;2;;;
95;Onix;385;Rock;Ground;1;;;
96;Drowzee;328;Psychic;;1;;;
97;Hypno;483;Psychic;;3;;;
98;Krabby;325;Water;;1;;;
99;Kingler;475;Water;;3;;;
100;Voltorb;330;Electric;;1;;;
101;Electrode;480;Electric;;3;;;
102;Exeggcute;325;Grass;Psychic;1;;;
103;Exeggutor;520;Grass;Psychic;3;;;
104;Cubone;320;Ground;;1;;;
105;Marowak;425;Ground;;3;;;
106;Hitmonlee;455;Fighting;;3;;;
107;Hitmonchan;455;Fighting;;3;;;
108;Lickitung;385;Normal;;1;;;
109;Koffing;340;Poison;;1;;;
110;Weezing;490;Poison;;3;;;
111;Rhyhorn;345;Ground;Rock;1;;;
112;Rhydon;485;Ground;Rock;3;;;
113;Chansey;450;Normal;;3;;;
114;Tangela;435;Grass;;3;;;
115;Kangaskhan;490;Normal;;3;;;
115;KangaskhanMega Kangaskhan;590;Normal;;2;;;
116;Horsea;295;Water;;1;;;
117;Seadra;440;Water;;3;;;
118;Goldeen;320;Water;;1;;;
119;Seaking;450;Water;;3;;;
120;Staryu;340;Water;;1;;;
121;Starmie;520;Water;Psychic;3;;;
122;Mr. Mime;460;Psychic;Fairy;3;;;
123;Scyther;500;Bug;Flying;3;;;
124;Jynx;455;Ice;Psychic;3;;;
125;Electabuzz;490;Electric;;3;;;
126;Magmar;495;Fire;;3;;;
127;Pinsir;500;Bug;;3;;;
127;PinsirMega Pinsir;600;Bug;Flying;2;;;
128;Tauros;490;Normal;;3;;;
129;Magikarp;200;Water;;1;;;
130;Gyarados;540;Water;Flying;3;;;
130;GyaradosMega Gyarados;640;Water;Dark;2;;;
131;Lapras;535;Water;Ice;3;;;
132;Ditto;288;Normal;;1;;;
133;Eevee;325;Normal;;1;;;
134;Vaporeon;525;Water;;3;;;
135;Jolteon;525;Electric;;3;;;
136;Flareon;525;Fire;;3;;;
137;Porygon;395;Normal;;3;;;
138;Omanyte;355;Rock;Water;1;;;
139;Omastar;495;Rock;Water;3;;;
140;Kabuto;355;Rock;Water;1;;;
141;Kabutops;495;Rock;Water;3;;;
142;Aerodactyl;515;Rock;Flying;3;;;
142;AerodactylMega Aerodactyl;615;Rock;Flying;2;;;
143;Snorlax;540;Normal;;3;;;
144;Articuno;580;Ice;Flying;2;;;
145;Zapdos;580;Electric;Flying;2;;;
146;Moltres;580;Fire;Flying;2;;;
147;Dratini;300;Dragon;;1;;;
148;Dragonair;420;Dragon;;3;;;
149;Dragonite;600;Dragon;Flying;2;;;
150;Mewtwo;680;Psychic;;2;;;
150;MewtwoMega Mewtwo X;780;Psychic;Fighting;2;;;
150;MewtwoMega Mewtwo Y;780;Psychic;;2;;;
151;Mew;600;Psychic;;2;;;
152;Chikorita;318;Grass;;1;;;
153;Bayleef;405;Grass;;3;;;
154;Meganium;525;Grass;;3;;;
155;Cyndaquil;309;Fire;;1;;;
156;Quilava;405;Fire;;3;;;
157;Typhlosion;534;Fire;;3;;;
158;Totodile;314;Water;;1;;;
159;Croconaw;405;Water;;3;;;
160;Feraligatr;530;Water;;3;;;
161;Sentret;215;Normal;;1;;;
162;Furret;415;Normal;;3;;;
163;Hoothoot;262;Normal;Flying;1;;;
164;Noctowl;442;Normal;Flying;3;;;
165;Ledyba;265;Bug;Flying;1;;;
166;Ledian;390;Bug;Flying;3;;;
167;Spinarak;250;Bug;Poison;1;;;
168;Ariados;390;Bug;Poison;3;;;
169;Crobat;535;Poison;Flying;3;;;
170;Chinchou;330;Water;Electric;1;;;
171;Lanturn;460;Water;Electric;3;;;
172;Pichu;205;Electric;;1;;;
173;Cleffa;218;Fairy;;1;;;
174;Igglybuff;210;Normal;Fairy;1;;;
175;Togepi;245;Fairy;;1;;;
176;Togetic;405;Fairy;Flying;3;;;
177;Natu;320;Psychic;Flying;1;;;
178;Xatu;470;Psychic;Flying;3;;;
179;Mareep;280;Electric;;1;;;
180;Flaaffy;365;Electric;;1;;;
181;Ampharos;510;Electric;;3;;;
181;AmpharosMega Ampharos;610;Electric;Dragon;2;;;
182;Bellossom;490;Grass;;3;;;
183;Marill;250;Water;Fairy;1;;;
184;Azumarill;420;Water;Fairy;3;;;
185;Sudowoodo;410;Rock;;3;;;
186;Politoed;500;Water;;3;;;
187;Hoppip;250;Grass;Flying;1;;;
188;Skiploom;340;Grass;Flying;1;;;
189;Jumpluff;460;Grass;Flying;3;;;
190;Aipom;360;Normal;;1;;;
191;Sunkern;180;Grass;;1;;;
192;Sunflora;425;Grass;;3;;;
193;Yanma;390;Bug;Flying;3;;;
194;Wooper;210;Water;Ground;1;;;
195;Quagsire;430;Water;Ground;3;;;
196;Espeon;525;Psychic;;3;;;
197;Umbreon;525;Dark;;3;;;
198;Murkrow;405;Dark;Flying;3;;;
199;Slowking;490;Water;Psychic;3;;;
200;Misdreavus;435;Ghost;;3;;;
201;Unown;336;Psychic;;1;;;
202;Wobbuffet;405;Psychic;;3;;;
203;Girafarig;455;Normal;Psychic;3;;;
204;Pineco;290;Bug;;1;;;
205;Forretress;465;Bug;Steel;3;;;
206;Dunsparce;415;Normal;;3;;;
207;Gligar;430;Ground;Flying;3;;;
208;Steelix;510;Steel;Ground;3;;;
208;SteelixMega Steelix;610;Steel;Ground;2;;;
209;Snubbull;300;Fairy;;1;;;
210;Granbull;450;Fairy;;3;;;
211;Qwilfish;430;Water;Poison;3;;;
212;Scizor;500;Bug;Steel;3;;;
212;ScizorMega Scizor;600;Bug;Steel;2;;;
213;Shuckle;505;Bug;Rock;3;;;
214;Heracross;500;Bug;Fighting;3;;;
214;HeracrossMega Heracross;600;Bug;Fighting;2;;;
215;Sneasel;430;Dark;Ice;3;;;
216;Teddiursa;330;Normal;;1;;;
217;Ursaring;500;Normal;;3;;;
218;Slugma;250;Fire;;1;;;
219;Magcargo;410;Fire;Rock;3;;;
220;Swinub;250;Ice;Ground;1;;;
221;Piloswine;450;Ice;Ground;3;;;
222;Corsola;380;Water;Rock;1;;;
223;Remoraid;300;Water;;1;;;
224;Octillery;480;Water;;3;;;
225;Delibird;330;Ice;Flying;1;;;
226;Mantine;465;Water;Flying;3;;;
227;Skarmory;465;Steel;Flying;3;;;
228;Houndour;330;Dark;Fire;1;;;
229;Houndoom;500;Dark;Fire;3;;;
229;HoundoomMega Houndoom;600;Dark;Fire;2;;;
230;Kingdra;540;Water;Dragon;3;;;
231;Phanpy;330;Ground;;1;;;
232;Donphan;500;Ground;;3;;;
233;Porygon2;515;Normal;;3;;;
234;Stantler;465;Normal;;3;;;
235;Smeargle;250;Normal;;1;;;
236;Tyrogue;210;Fighting;;1;;;
237;Hitmontop;455;Fighting;;3;;;
238;Smoochum;305;Ice;Psychic;1;;;
239;Elekid;360;Electric;;1;;;
240;Magby;365;Fire;;1;;;
241;Miltank;490;Normal;;3;;;
242;Blissey;540;Normal;;3;;;
243;Raikou;580;Electric;;2;;;
244;Entei;580;Fire;;2;;;
245;Suicune;580;Water;;2;;;
246;Larvitar;300;Rock;Ground;1;;;
247;Pupitar;410;Rock;Ground;3;;;
248;Tyranitar;600;Rock;Dark;2;;;
248;TyranitarMega Tyranitar;700;Rock;Dark;2;;;
249;Lugia;680;Psychic;Flying;2;;;
250;Ho-oh;680;Fire;Flying;2;;;
251;Celebi;600;Psychic;Grass;2;;;
252;Treecko;310;Grass;;1;;;
253;Grovyle;405;Grass;;3;;;
254;Sceptile;530;Grass;;3;;;
254;SceptileMega Sceptile;630;Grass;Dragon;2;;;
255;Torchic;310;Fire;;1;;;
256;Combusken;405;Fire;Fighting;3;;;
257;Blaziken;530;Fire;Fighting;3;;;
257;BlazikenMega Blaziken;630;Fire;Fighting;2;;;
258;Mudkip;310;Water;;1;;;
259;Marshtomp;405;Water;Ground;3;;;
260;Swampert;535;Water;Ground;3;;;
260;SwampertMega Swampert;635;Water;Ground;2;;;
261;Poochyena;220;Dark;;1;;;
262;Mightyena;420;Dark;;3;;;
263;Zigzagoon;240;Normal;;1;;;
264;Linoone;420;Normal;;3;;;
265;Wurmple;195;Bug;;1;;;
266;Silcoon;205;Bug;;1;;;
267;Beautifly;395;Bug;Flying;3;;;
268;Cascoon;205;Bug;;1;;;
269;Dustox;385;Bug;Poison;1;;;
270;Lotad;220;Water;Grass;1;;;
271;Lombre;340;Water;Grass;1;;;
272;Ludicolo;480;Water;Grass;3;;;
273;Seedot;220;Grass;;1;;;
274;Nuzleaf;340;Grass;Dark;1;;;
275;Shiftry;480;Grass;Dark;3;;;
276;Taillow;270;Normal;Flying;1;;;
277;Swellow;430;Normal;Flying;3;;;
278;Wingull;270;Water;Flying;1;;;
279;Pelipper;430;Water;Flying;3;;;
280;Ralts;198;Psychic;Fairy;1;;;
281;Kirlia;278;Psychic;Fairy;1;;;
282;Gardevoir;518;Psychic;Fairy;3;;;
282;GardevoirMega Gardevoir;618;Psychic;Fairy;2;;;
283;Surskit;269;Bug;Water;1;;;
284;Masquerain;414;Bug;Flying;3;;;
285;Shroomish;295;Grass;;1;;;
286;Breloom;460;Grass;Fighting;3;;;
287;Slakoth;280;Normal;;1;;;
288;Vigoroth;440;Normal;;3;;;
289;Slaking;670;Normal;;2;;;
290;Nincada;266;Bug;Ground;1;;;
291;Ninjask;456;Bug;Flying;3;;;
292;Shedinja;236;Bug;Ghost;1;;;
293;Whismur;240;Normal;;1;;;
294;Loudred;360;Normal;;1;;;
295;Exploud;490;Normal;;3;;;
296;Makuhita;237;Fighting;;1;;;
297;Hariyama;474;Fighting;;3;;;
298;Azurill;190;Normal;Fairy;1;;;
299;Nosepass;375;Rock;;1;;;
300;Skitty;260;Normal;;1;;;
301;Delcatty;380;Normal;;1;;;
302;Sableye;380;Dark;Ghost;1;;;
302;SableyeMega Sableye;480;Dark;Ghost;3;;;
303;Mawile;380;Steel;Fairy;1;;;
303;MawileMega Mawile;480;Steel;Fairy;3;;;
304;Aron;330;Steel;Rock;1;;;
305;Lairon;430;Steel;Rock;3;;;
306;Aggron;530;Steel;Rock;3;;;
306;AggronMega Aggron;630;Steel;;2;;;
307;Meditite;280;Fighting;Psychic;1;;;
308;Medicham;410;Fighting;Psychic;3;;;
308;MedichamMega Medicham;510;Fighting;Psychic;3;;;
309;Electrike;295;Electric;;1;;;
310;Manectric;475;Electric;;3;;;
310;ManectricMega Manectric;575;Electric;;2;;;
311;Plusle;405;Electric;;3;;;
312;Minun;405;Electric;;3;;;
313;Volbeat;400;Bug;;3;;;
314;Illumise;400;Bug;;3;;;
315;Roselia;400;Grass;Poison;3;;;
316;Gulpin;302;Poison;;1;;;
317;Swalot;467;Poison;;3;;;
318;Carvanha;305;Water;Dark;1;;;
319;Sharpedo;460;Water;Dark;3;;;
319;SharpedoMega Sharpedo;560;Water;Dark;2;;;
320;Wailmer;400;Water;;3;;;
321;Wailord;500;Water;;3;;;
322;Numel;305;Fire;Ground;1;;;
323;Camerupt;460;Fire;Ground;3;;;
323;CameruptMega Camerupt;560;Fire;Ground;2;;;
324;Torkoal;470;Fire;;3;;;
325;Spoink;330;Psychic;;1;;;
326;Grumpig;470;Psychic;;3;;;
327;Spinda;360;Normal;;1;;;
328;Trapinch;290;Ground;;1;;;
329;Vibrava;340;Ground;Dragon;1;;;
330;Flygon;520;Ground;Dragon;3;;;
331;Cacnea;335;Grass;;1;;;
332;Cacturne;475;Grass;Dark;3;;;
333;Swablu;310;Normal;Flying;1;;;
334;Altaria;490;Dragon;Flying;3;;;
334;AltariaMega Altaria;590;Dragon;Fairy;2;;;
335;Zangoose;458;Normal;;3;;;
336;Seviper;458;Poison;;3;;;
337;Lunatone;440;Rock;Psychic;3;;;
338;Solrock;440;Rock;Psychic;3;;;
339;Barboach;288;Water;Ground;1;;;
340;Whiscash;468;Water;Ground;3;;;
341;Corphish;308;Water;;1;;;
342;Crawdaunt;468;Water;Dark;3;;;
343;Baltoy;300;Ground;Psychic;1;;;
344;Claydol;500;Ground;Psychic;3;;;
345;Lileep;355;Rock;Grass;1;;;
346;Cradily;495;Rock;Grass;3;;;
347;Anorith;355;Rock;Bug;1;;;
348;Armaldo;495;Rock;Bug;3;;;
349;Feebas;200;Water;;1;;;
350;Milotic;540;Water;;3;;;
351;Castform;420;Normal;;3;;;
352;Kecleon;440;Normal;;3;;;
353;Shuppet;295;Ghost;;1;;;
354;Banette;455;Ghost;;3;;;
354;BanetteMega Banette;555;Ghost;;2;;;
355;Duskull;295;Ghost;;1;;;
356;Dusclops;455;Ghost;;3;;;
357;Tropius;460;Grass;Flying;3;;;
358;Chimecho;425;Psychic;;3;;;
359;Absol;465;Dark;;3;;;
359;AbsolMega Absol;565;Dark;;2;;;
360;Wynaut;260;Psychic;;1;;;
361;Snorunt;300;Ice;;1;;;
362;Glalie;480;Ice;;3;;;
362;GlalieMega Glalie;580;Ice;;2;;;
363;Spheal;290;Ice;Water;1;;;
364;Sealeo;410;Ice;Water;3;;;
365;Walrein;530;Ice;Water;3;;;
366;Clamperl;345;Water;;1;;;
367;Huntail;485;Water;;3;;;
368;Gorebyss;485;Water;;3;;;
369;Relicanth;485;Water;Rock;3;;;
370;Luvdisc;330;Water;;1;;;
371;Bagon;300;Dragon;;1;;;
372;Shelgon;420;Dragon;;3;;;
373;Salamence;600;Dragon;Flying;2;;;
373;SalamenceMega Salamence;700;Dragon;Flying;2;;;
374;Beldum;300;Steel;Psychic;1;;;
375;Metang;420;Steel;Psychic;3;;;
376;Metagross;600;Steel;Psychic;2;;;
376;MetagrossMega Metagross;700;Steel;Psychic;2;;;
377;Regirock;580;Rock;;2;;;
378;Regice;580;Ice;;2;;;
379;Registeel;580;Steel;;2;;;
380;Latias;600;Dragon;Psychic;2;;;
380;LatiasMega Latias;700;Dragon;Psychic;2;;;
381;Latios;600;Dragon;Psychic;2;;;
381;LatiosMega Latios;700;Dragon;Psychic;2;;;
382;Kyogre;670;Water;;2;;;
382;KyogrePrimal Kyogre;770;Water;;2;;;
383;Groudon;670;Ground;;2;;;
383;GroudonPrimal Groudon;770;Ground;Fire;2;;;
384;Rayquaza;680;Dragon;Flying;2;;;
384;RayquazaMega Rayquaza;780;Dragon;Flying;2;;;
385;Jirachi;600;Steel;Psychic;2;;;
386;DeoxysNormal Forme;600;Psychic;;2;;;
386;DeoxysAttack Forme;600;Psychic;;2;;;
386;DeoxysDefense Forme;600;Psychic;;2;;;
386;DeoxysSpeed Forme;600;Psychic;;2;;;
387;Turtwig;318;Grass;;1;;;
388;Grotle;405;Grass;;3;;;
389;Torterra;525;Grass;Ground;3;;;
390;Chimchar;309;Fire;;1;;;
391;Monferno;405;Fire;Fighting;3;;;
392;Infernape;534;Fire;Fighting;3;;;
393;Piplup;314;Water;;1;;;
394;Prinplup;405;Water;;3;;;
395;Empoleon;530;Water;Steel;3;;;
396;Starly;245;Normal;Flying;1;;;
397;Staravia;340;Normal;Flying;1;;;
398;Staraptor;485;Normal;Flying;3;;;
399;Bidoof;250;Normal;;1;;;
400;Bibarel;410;Normal;Water;3;;;
401;Kricketot;194;Bug;;1;;;
402;Kricketune;384;Bug;;1;;;
403;Shinx;263;Electric;;1;;;
404;Luxio;363;Electric;;1;;;
405;Luxray;523;Electric;;3;;;
406;Budew;280;Grass;Poison;1;;;
407;Roserade;515;Grass;Poison;3;;;
408;Cranidos;350;Rock;;1;;;
409;Rampardos;495;Rock;;3;;;
410;Shieldon;350;Rock;Steel;1;;;
411;Bastiodon;495;Rock;Steel;3;;;
412;Burmy;224;Bug;;1;;;
413;WormadamPlant Cloak;424;Bug;Grass;3;;;
413;WormadamSandy Cloak;424;Bug;Ground;3;;;
413;WormadamTrash Cloak;424;Bug;Steel;3;;;
414;Mothim;424;Bug;Flying;3;;;
415;Combee;244;Bug;Flying;1;;;
416;Vespiquen;474;Bug;Flying;3;;;
417;Pachirisu;405;Electric;;3;;;
418;Buizel;330;Water;;1;;;
419;Floatzel;495;Water;;3;;;
420;Cherubi;275;Grass;;1;;;
421;Cherrim;450;Grass;;3;;;
422;Shellos;325;Water;;1;;;
423;Gastrodon;475;Water;Ground;3;;;
424;Ambipom;482;Normal;;3;;;
425;Drifloon;348;Ghost;Flying;1;;;
426;Drifblim;498;Ghost;Flying;3;;;
427;Buneary;350;Normal;;1;;;
428;Lopunny;480;Normal;;3;;;
428;LopunnyMega Lopunny;580;Normal;Fighting;2;;;
429;Mismagius;495;Ghost;;3;;;
430;Honchkrow;505;Dark;Flying;3;;;
431;Glameow;310;Normal;;1;;;
432;Purugly;452;Normal;;3;;;
433;Chingling;285;Psychic;;1;;;
434;Stunky;329;Poison;Dark;1;;;
435;Skuntank;479;Poison;Dark;3;;;
436;Bronzor;300;Steel;Psychic;1;;;
437;Bronzong;500;Steel;Psychic;3;;;
438;Bonsly;290;Rock;;1;;;
439;Mime Jr.;310;Psychic;Fairy;1;;;
440;Happiny;220;Normal;;1;;;
441;Chatot;411;Normal;Flying;3;;;
442;Spiritomb;485;Ghost;Dark;3;;;
443;Gible;300;Dragon;Ground;1;;;
444;Gabite;410;Dragon;Ground;3;;;
445;Garchomp;600;Dragon;Ground;2;;;
445;GarchompMega Garchomp;700;Dragon;Ground;2;;;
446;Munchlax;390;Normal;;3;;;
447;Riolu;285;Fighting;;1;;;
448;Lucario;525;Fighting;Steel;3;;;
448;LucarioMega Lucario;625;Fighting;Steel;2;;;
449;Hippopotas;330;Ground;;1;;;
450;Hippowdon;525;Ground;;3;;;
451;Skorupi;330;Poison;Bug;1;;;
452;Drapion;500;Poison;Dark;3;;;
453;Croagunk;300;Poison;Fighting;1;;;
454;Toxicroak;490;Poison;Fighting;3;;;
455;Carnivine;454;Grass;;3;;;
456;Finneon;330;Water;;1;;;
457;Lumineon;460;Water;;3;;;
458;Mantyke;345;Water;Flying;1;;;
459;Snover;334;Grass;Ice;1;;;
460;Abomasnow;494;Grass;Ice;3;;;
460;AbomasnowMega Abomasnow;594;Grass;Ice;2;;;
461;Weavile;510;Dark;Ice;3;;;
462;Magnezone;535;Electric;Steel;3;;;
463;Lickilicky;515;Normal;;3;;;
464;Rhyperior;535;Ground;Rock;3;;;
465;Tangrowth;535;Grass;;3;;;
466;Electivire;540;Electric;;3;;;
467;Magmortar;540;Fire;;3;;;
468;Togekiss;545;Fairy;Flying;3;;;
469;Yanmega;515;Bug;Flying;3;;;
470;Leafeon;525;Grass;;3;;;
471;Glaceon;525;Ice;;3;;;
472;Gliscor;510;Ground;Flying;3;;;
473;Mamoswine;530;Ice;Ground;3;;;
474;Porygon-Z;535;Normal;;3;;;
475;Gallade;518;Psychic;Fighting;3;;;
475;GalladeMega Gallade;618;Psychic;Fighting;2;;;
476;Probopass;525;Rock;Steel;3;;;
477;Dusknoir;525;Ghost;;3;;;
478;Froslass;480;Ice;Ghost;3;;;
479;Rotom;440;Electric;Ghost;3;;;
479;RotomHeat Rotom;520;Electric;Fire;3;;;
479;RotomWash Rotom;520;Electric;Water;3;;;
479;RotomFrost Rotom;520;Electric;Ice;3;;;
479;RotomFan Rotom;520;Electric;Flying;3;;;
479;RotomMow Rotom;520;Electric;Grass;3;;;
480;Uxie;580;Psychic;;2;;;
481;Mesprit;580;Psychic;;2;;;
482;Azelf;580;Psychic;;2;;;
483;Dialga;680;Steel;Dragon;2;;;
484;Palkia;680;Water;Dragon;2;;;
485;Heatran;600;Fire;Steel;2;;;
486;Regigigas;670;Normal;;2;;;
487;GiratinaAltered Forme;680;Ghost;Dragon;2;;;
487;GiratinaOrigin Forme;680;Ghost;Dragon;2;;;
488;Cresselia;600;Psychic;;2;;;
489;Phione;480;Water;;3;;;
490;Manaphy;600;Water;;2;;;
491;Darkrai;600;Dark;;2;;;
492;ShayminLand Forme;600;Grass;;2;;;
492;ShayminSky Forme;600;Grass;Flying;2;;;
493;Arceus;720;Normal;;2;;;
494;Victini;600;Psychic;Fire;2;;;
495;Snivy;308;Grass;;1;;;
496;Servine;413;Grass;;3;;;
497;Serperior;528;Grass;;3;;;
498;Tepig;308;Fire;;1;;;
499;Pignite;418;Fire;Fighting;3;;;
500;Emboar;528;Fire;Fighting;3;;;
501;Oshawott;308;Water;;1;;;
502;Dewott;413;Water;;3;;;
503;Samurott;528;Water;;3;;;
504;Patrat;255;Normal;;1;;;
505;Watchog;420;Normal;;3;;;
506;Lillipup;275;Normal;;1;;;
507;Herdier;370;Normal;;1;;;
508;Stoutland;500;Normal;;3;;;
509;Purrloin;281;Dark;;1;;;
510;Liepard;446;Dark;;3;;;
511;Pansage;316;Grass;;1;;;
512;Simisage;498;Grass;;3;;;
513;Pansear;316;Fire;;1;;;
514;Simisear;498;Fire;;3;;;
515;Panpour;316;Water;;1;;;
516;Simipour;498;Water;;3;;;
517;Munna;292;Psychic;;1;;;
518;Musharna;487;Psychic;;3;;;
519;Pidove;264;Normal;Flying;1;;;
520;Tranquill;358;Normal;Flying;1;;;
521;Unfezant;488;Normal;Flying;3;;;
522;Blitzle;295;Electric;;1;;;
523;Zebstrika;497;Electric;;3;;;
524;Roggenrola;280;Rock;;1;;;
525;Boldore;390;Rock;;3;;;
526;Gigalith;515;Rock;;3;;;
527;Woobat;313;Psychic;Flying;1;;;
528;Swoobat;425;Psychic;Flying;3;;;
529;Drilbur;328;Ground;;1;;;
530;Excadrill;508;Ground;Steel;3;;;
531;Audino;445;Normal;;3;;;
531;AudinoMega Audino;545;Normal;Fairy;3;;;
532;Timburr;305;Fighting;;1;;;
533;Gurdurr;405;Fighting;;3;;;
534;Conkeldurr;505;Fighting;;3;;;
535;Tympole;294;Water;;1;;;
536;Palpitoad;384;Water;Ground;1;;;
537;Seismitoad;509;Water;Ground;3;;;
538;Throh;465;Fighting;;3;;;
539;Sawk;465;Fighting;;3;;;
540;Sewaddle;310;Bug;Grass;1;;;
541;Swadloon;380;Bug;Grass;1;;;
542;Leavanny;500;Bug;Grass;3;;;
543;Venipede;260;Bug;Poison;1;;;
544;Whirlipede;360;Bug;Poison;1;;;
545;Scolipede;485;Bug;Poison;3;;;
546;Cottonee;280;Grass;Fairy;1;;;
547;Whimsicott;480;Grass;Fairy;3;;;
548;Petilil;280;Grass;;1;;;
549;Lilligant;480;Grass;;3;;;
550;Basculin;460;Water;;3;;;
551;Sandile;292;Ground;Dark;1;;;
552;Krokorok;351;Ground;Dark;1;;;
553;Krookodile;519;Ground;Dark;3;;;
554;Darumaka;315;Fire;;1;;;
555;DarmanitanStandard Mode;480;Fire;;3;;;
555;DarmanitanZen Mode;540;Fire;Psychic;3;;;
556;Maractus;461;Grass;;3;;;
557;Dwebble;325;Bug;Rock;1;;;
558;Crustle;475;Bug;Rock;3;;;
559;Scraggy;348;Dark;Fighting;1;;;
560;Scrafty;488;Dark;Fighting;3;;;
561;Sigilyph;490;Psychic;Flying;3;;;
562;Yamask;303;Ghost;;1;;;
563;Cofagrigus;483;Ghost;;3;;;
564;Tirtouga;355;Water;Rock;1;;;
565;Carracosta;495;Water;Rock;3;;;
566;Archen;401;Rock;Flying;3;;;
567;Archeops;567;Rock;Flying;2;;;
568;Trubbish;329;Poison;;1;;;
569;Garbodor;474;Poison;;3;;;
570;Zorua;330;Dark;;1;;;
571;Zoroark;510;Dark;;3;;;
572;Minccino;300;Normal;;1;;;
573;Cinccino;470;Normal;;3;;;
574;Gothita;290;Psychic;;1;;;
575;Gothorita;390;Psychic;;3;;;
576;Gothitelle;490;Psychic;;3;;;
577;Solosis;290;Psychic;;1;;;
578;Duosion;370;Psychic;;1;;;
579;Reuniclus;490;Psychic;;3;;;
580;Ducklett;305;Water;Flying;1;;;
581;Swanna;473;Water;Flying;3;;;
582;Vanillite;305;Ice;;1;;;
583;Vanillish;395;Ice;;3;;;
584;Vanilluxe;535;Ice;;3;;;
585;Deerling;335;Normal;Grass;1;;;
586;Sawsbuck;475;Normal;Grass;3;;;
587;Emolga;428;Electric;Flying;3;;;
588;Karrablast;315;Bug;;1;;;
589;Escavalier;495;Bug;Steel;3;;;
590;Foongus;294;Grass;Poison;1;;;
591;Amoonguss;464;Grass;Poison;3;;;
592;Frillish;335;Water;Ghost;1;;;
593;Jellicent;480;Water;Ghost;3;;;
594;Alomomola;470;Water;;3;;;
595;Joltik;319;Bug;Electric;1;;;
596;Galvantula;472;Bug;Electric;3;;;
597;Ferroseed;305;Grass;Steel;1;;;
598;Ferrothorn;489;Grass;Steel;3;;;
599;Klink;300;Steel;;1;;;
600;Klang;440;Steel;;3;;;
601;Klinklang;520;Steel;;3;;;
602;Tynamo;275;Electric;;1;;;
603;Eelektrik;405;Electric;;3;;;
604;Eelektross;515;Electric;;3;;;
605;Elgyem;335;Psychic;;1;;;
606;Beheeyem;485;Psychic;;3;;;
607;Litwick;275;Ghost;Fire;1;;;
608;Lampent;370;Ghost;Fire;1;;;
609;Chandelure;520;Ghost;Fire;3;;;
610;Axew;320;Dragon;;1;;;
611;Fraxure;410;Dragon;;3;;;
612;Haxorus;540;Dragon;;3;;;
613;Cubchoo;305;Ice;;1;;;
614;Beartic;485;Ice;;3;;;
615;Cryogonal;485;Ice;;3;;;
616;Shelmet;305;Bug;;1;;;
617;Accelgor;495;Bug;;3;;;
618;Stunfisk;471;Ground;Electric;3;;;
619;Mienfoo;350;Fighting;;1;;;
620;Mienshao;510;Fighting;;3;;;
621;Druddigon;485;Dragon;;3;;;
622;Golett;303;Ground;Ghost;1;;;
623;Golurk;483;Ground;Ghost;3;;;
624;Pawniard;340;Dark;Steel;1;;;
625;Bisharp;490;Dark;Steel;3;;;
626;Bouffalant;490;Normal;;3;;;
627;Rufflet;350;Normal;Flying;1;;;
628;Braviary;510;Normal;Flying;3;;;
629;Vullaby;370;Dark;Flying;1;;;
630;Mandibuzz;510;Dark;Flying;3;;;
631;Heatmor;484;Fire;;3;;;
632;Durant;484;Bug;Steel;3;;;
633;Deino;300;Dark;Dragon;1;;;
634;Zweilous;420;Dark;Dragon;3;;;
635;Hydreigon;600;Dark;Dragon;2;;;
636;Larvesta;360;Bug;Fire;1;;;
637;Volcarona;550;Bug;Fire;2;;;
638;Cobalion;580;Steel;Fighting;2;;;
639;Terrakion;580;Rock;Fighting;2;;;
640;Virizion;580;Grass;Fighting;2;;;
641;TornadusIncarnate Forme;580;Flying;;2;;;
641;TornadusTherian Forme;580;Flying;;2;;;
642;ThundurusIncarnate Forme;580;Electric;Flying;2;;;
642;ThundurusTherian Forme;580;Electric;Flying;2;;;
643;Reshiram;680;Dragon;Fire;2;;;
644;Zekrom;680;Dragon;Electric;2;;;
645;LandorusIncarnate Forme;600;Ground;Flying;2;;;
645;LandorusTherian Forme;600;Ground;Flying;2;;;
646;Kyurem;660;Dragon;Ice;2;;;
646;KyuremBlack Kyurem;700;Dragon;Ice;2;;;
646;KyuremWhite Kyurem;700;Dragon;Ice;2;;;
647;KeldeoOrdinary Forme;580;Water;Fighting;2;;;
647;KeldeoResolute Forme;580;Water;Fighting;2;;;
648;MeloettaAria Forme;600;Normal;Psychic;2;;;
648;MeloettaPirouette Forme;600;Normal;Fighting;2;;;
649;Genesect;600;Bug;Steel;2;;;
650;Chespin;313;Grass;;1;;;
651;Quilladin;405;Grass;;3;;;
652;Chesnaught;530;Grass;Fighting;3;;;
653;Fennekin;307;Fire;;1;;;
654;Braixen;409;Fire;;3;;;
655;Delphox;534;Fire;Psychic;3;;;
656;Froakie;314;Water;;1;;;
657;Frogadier;405;Water;;3;;;
658;Greninja;530;Water;Dark;3;;;
659;Bunnelby;237;Normal;;1;;;
660;Diggersby;423;Normal;Ground;3;;;
661;Fletchling;278;Normal;Flying;1;;;
662;Fletchinder;382;Fire;Flying;1;;;
663;Talonflame;499;Fire;Flying;3;;;
664;Scatterbug;200;Bug;;1;;;
665;Spewpa;213;Bug;;1;;;
666;Vivillon;411;Bug;Flying;3;;;
667;Litleo;369;Fire;Normal;1;;;
668;Pyroar;507;Fire;Normal;3;;;
669;Flab‚b‚;303;Fairy;;1;;;
670;Floette;371;Fairy;;1;;;
671;Florges;552;Fairy;;2;;;
672;Skiddo;350;Grass;;1;;;
673;Gogoat;531;Grass;;3;;;
674;Pancham;348;Fighting;;1;;;
675;Pangoro;495;Fighting;Dark;3;;;
676;Furfrou;472;Normal;;3;;;
677;Espurr;355;Psychic;;1;;;
678;MeowsticMale;466;Psychic;;3;;;
678;MeowsticFemale;466;Psychic;;3;;;
679;Honedge;325;Steel;Ghost;1;;;
680;Doublade;448;Steel;Ghost;3;;;
681;AegislashBlade Forme;520;Steel;Ghost;3;;;
681;AegislashShield Forme;520;Steel;Ghost;3;;;
682;Spritzee;341;Fairy;;1;;;
683;Aromatisse;462;Fairy;;3;;;
684;Swirlix;341;Fairy;;1;;;
685;Slurpuff;480;Fairy;;3;;;
686;Inkay;288;Dark;Psychic;1;;;
687;Malamar;482;Dark;Psychic;3;;;
688;Binacle;306;Rock;Water;1;;;
689;Barbaracle;500;Rock;Water;3;;;
690;Skrelp;320;Poison;Water;1;;;
691;Dragalge;494;Poison;Dragon;3;;;
692;Clauncher;330;Water;;1;;;
693;Clawitzer;500;Water;;3;;;
694;Helioptile;289;Electric;Normal;1;;;
695;Heliolisk;481;Electric;Normal;3;;;
696;Tyrunt;362;Rock;Dragon;1;;;
697;Tyrantrum;521;Rock;Dragon;3;;;
698;Amaura;362;Rock;Ice;1;;;
699;Aurorus;521;Rock;Ice;3;;;
700;Sylveon;525;Fairy;;3;;;
701;Hawlucha;500;Fighting;Flying;3;;;
702;Dedenne;431;Electric;Fairy;3;;;
703;Carbink;500;Rock;Fairy;3;;;
704;Goomy;300;Dragon;;1;;;
705;Sliggoo;452;Dragon;;3;;;
706;Goodra;600;Dragon;;2;;;
707;Klefki;470;Steel;Fairy;3;;;
708;Phantump;309;Ghost;Grass;1;;;
709;Trevenant;474;Ghost;Grass;3;;;
710;PumpkabooAverage Size;335;Ghost;Grass;1;;;
710;PumpkabooSmall Size;335;Ghost;Grass;1;;;
710;PumpkabooLarge Size;335;Ghost;Grass;1;;;
710;PumpkabooSuper Size;335;Ghost;Grass;1;;;
711;GourgeistAverage Size;494;Ghost;Grass;3;;;
711;GourgeistSmall Size;494;Ghost;Grass;3;;;
711;GourgeistLarge Size;494;Ghost;Grass;3;;;
711;GourgeistSuper Size;494;Ghost;Grass;3;;;
712;Bergmite;304;Ice;;1;;;
713;Avalugg;514;Ice;;3;;;
714;Noibat;245;Flying;Dragon;1;;;
715;Noivern;535;Flying;Dragon;3;;;
716;Xerneas;680;Fairy;;2;;;
717;Yveltal;680;Dark;Flying;2;;;
718;Zygarde50% Forme;600;Dragon;Ground;2;;;
719;Diancie;600;Rock;Fairy;2;;;
719;DiancieMega Diancie;700;Rock;Fairy;2;;;
720;HoopaHoopa Confined;600;Psychic;Ghost;2;;;
720;HoopaHoopa Unbound;680;Psychic;Dark;2;;;
721;Volcanion;600;Fire;Water;2;;;
 ;;;;;;;;
